,City,Latitude,Longitude,Maximum Temperature,Humidity,Cloud Cover,Wind Speed,Country,Datetime,Hemisphere
0,talara,-4.5772,-81.2719,67.51400000000004,85,69,7.76,PE,1622592797,south
1,san patricio,28.017,-97.5169,84.29000000000002,68,84,5.4,US,1622592797,north
2,puerto ayora,-0.7393,-90.3518,74.55200000000008,88,93,2.24,EC,1622592798,south
3,mataura,-46.1927,168.8643,49.478000000000065,94,100,1.31,NZ,1622592798,south
4,cabo san lucas,22.8909,-109.9124,95.61200000000005,14,40,4.12,MX,1622592594,north
5,arraial do cabo,-22.9661,-42.0278,72.24800000000002,79,8,2.98,BR,1622592516,south
6,qaqortoq,60.7167,-46.0333,43.30400000000005,81,63,1.97,GL,1622592378,north
7,rikitea,-23.1203,-134.9692,71.34800000000003,57,1,9.06,PF,1622592798,south
8,bluff,-46.6,168.3333,49.80200000000008,80,78,7.95,NZ,1622592799,south
9,bhadra,29.1167,75.1667,79.44800000000004,54,11,3.09,IN,1622592799,north
10,basqal,40.7552,48.391,64.36400000000003,34,0,2.25,AZ,1622592799,north
11,mangai,-4.05,19.5333,68.57600000000009,48,86,0.26,CD,1622592800,south
12,khatanga,71.9667,102.5,35.33000000000004,99,100,5.04,RU,1622592800,north
13,ushuaia,-54.8,-68.3,29.858000000000004,93,90,6.17,AR,1622592691,south
14,saint-leu,-21.15,55.2833,72.46400000000003,86,50,4.98,RE,1622592800,south
15,narsaq,60.9167,-46.05,43.016000000000005,77,71,1.16,GL,1622592410,north
16,sao filipe,14.8961,-24.4956,72.82400000000001,79,78,3.01,CV,1622592801,north
17,norman wells,65.282,-126.8329,43.43000000000004,89,100,3.64,CA,1622592801,north
18,chuy,-33.6971,-53.4616,58.37000000000006,71,96,2.85,UY,1622592801,south
19,labuhan,-6.8844,112.2051,79.32200000000003,85,56,3.63,ID,1622592414,south
20,padang,-0.9492,100.3543,75.25400000000005,82,84,1.49,ID,1622592135,south
21,ribeira grande,38.5167,-28.7,60.29600000000005,60,70,6.0,PT,1622592801,north
22,punta arenas,-53.15,-70.9167,24.908000000000005,93,40,0.54,CL,1622592802,south
23,nikolskoye,59.7035,30.7861,45.391999999999996,75,16,0.98,RU,1622592802,north
24,bengkulu,-3.8004,102.2655,75.75800000000001,89,92,1.65,ID,1622592370,south
25,miri,4.4148,114.0089,79.44800000000004,82,86,1.76,MY,1622592802,north
26,tabou,4.423,-7.3528,78.62000000000006,83,99,2.19,CI,1622592803,north
27,port elizabeth,-33.918,25.5701,57.092,82,40,5.87,ZA,1622592803,south
28,ust-kulom,61.6864,53.6902,34.12400000000001,84,3,1.81,RU,1622592803,north
29,cape town,-33.9258,18.4232,57.110000000000085,87,6,0.89,ZA,1622592332,south
30,mokrousovo,55.8103,66.7653,48.776000000000096,61,71,0.77,RU,1622592804,north
31,lorengau,-2.0226,147.2712,81.69800000000004,76,90,2.02,PG,1622592804,south
32,mahebourg,-20.4081,57.7,74.24600000000005,75,67,6.57,MU,1622592804,south
33,qaanaaq,77.484,-69.3632,28.34600000000005,87,91,2.2,GL,1622592804,north
34,richards bay,-28.783,32.0377,59.72000000000006,84,99,5.03,ZA,1622592805,south
35,faanui,-16.4833,-151.75,79.77200000000005,70,81,6.11,PF,1622592805,south
36,dingle,10.9995,122.6711,74.87600000000009,95,100,9.39,PH,1622592163,north
37,aklavik,68.2191,-135.0107,34.34000000000002,99,100,2.06,CA,1622592805,north
38,mao,39.8885,4.2658,68.558,83,0,2.57,ES,1622592806,north
39,souillac,-20.5167,57.5167,74.35400000000006,76,85,5.75,MU,1622592806,south
40,vaini,-21.2,-175.2,73.07600000000009,77,100,3.52,TO,1622592806,south
41,tiksi,71.6872,128.8694,34.84400000000007,90,99,1.45,RU,1622592806,north
42,bethel,41.3712,-73.414,70.01600000000002,66,100,2.46,US,1622592807,north
43,victoria,22.2855,114.1577,83.3180000000001,86,100,2.68,HK,1622592725,north
44,mehamn,71.0357,27.8492,43.268000000000086,97,100,6.81,NO,1622592807,north
45,kruisfontein,-34.0033,24.7314,54.87800000000007,81,29,3.82,ZA,1622592807,south
46,barrow,71.2906,-156.7887,32.018000000000086,64,90,8.75,US,1622592808,north
47,saldanha,-33.0117,17.9442,57.182000000000016,85,2,3.89,ZA,1622592808,south
48,ancud,-41.8697,-73.8203,45.23000000000004,75,95,2.79,CL,1622592413,south
49,bonavista,48.6499,-53.1147,51.116000000000014,89,87,9.21,CA,1622592808,north
50,bambous virieux,-20.3428,57.7575,74.2100000000001,75,66,6.44,MU,1622592808,south
51,quepos,9.4236,-84.1652,87.09800000000003,86,99,1.91,CR,1622592809,north
52,donskoy,53.9711,38.3363,42.044000000000075,84,49,4.19,RU,1622592809,north
53,codrington,-38.2667,141.9667,56.42600000000009,57,76,3.79,AU,1622592809,south
54,bobon,12.5246,124.5636,80.94200000000001,77,97,2.44,PH,1622592810,north
55,adrar,20.5022,-10.0711,91.11200000000005,25,89,5.67,MR,1622592198,north
56,bosaso,11.2842,49.1816,88.97000000000006,51,79,8.89,SO,1622592688,north
57,amberley,39.2048,-84.428,72.10400000000006,73,90,0.85,US,1622592810,north
58,pevek,69.7008,170.3133,36.89600000000005,73,31,1.68,RU,1622592810,north
59,avarua,-21.2078,-159.775,80.65400000000005,61,20,3.6,CK,1622592811,south
60,kungurtug,50.5994,97.5228,46.202000000000076,53,0,0.69,RU,1622592811,north
61,dikson,73.5069,80.5464,33.044000000000075,96,99,3.96,RU,1622592811,north
62,xining,36.6167,101.7667,56.12000000000006,46,100,1.28,CN,1622592393,north
63,ixtapa,20.7,-105.2,85.22600000000008,79,40,6.17,MX,1622592368,north
64,suzhou,31.3114,120.6181,71.47400000000002,91,100,5.5,CN,1622592812,north
65,gandai,21.6667,81.1,85.892,53,83,2.93,IN,1622592812,north
66,sitka,57.0531,-135.33,53.492,82,90,0.0,US,1622592362,north
67,mabaruma,8.2,-59.7833,73.54400000000007,88,23,1.34,GY,1622592812,north
68,isla mujeres,21.2311,-86.731,84.25400000000005,74,74,4.94,MX,1622592813,north
69,coalinga,36.1397,-120.3602,103.02800000000006,31,50,4.74,US,1622592813,north
70,kokopo,-4.352,152.2633,76.82000000000006,89,100,0.83,PG,1622592813,south
71,abay,49.6311,72.8539,59.37800000000007,71,83,2.75,KZ,1622592814,north
72,kavaratti,10.5669,72.642,83.66000000000008,76,94,6.74,IN,1622592814,north
73,busselton,-33.65,115.3333,56.04800000000003,73,98,2.07,AU,1622592814,south
74,hervey bay,-25.2986,152.8535,69.0260000000001,78,62,1.79,AU,1622592814,south
75,kinablangan,7.6947,126.5503,82.61600000000001,70,100,1.02,PH,1622592815,north
76,port alfred,-33.5906,26.891,58.80200000000008,87,64,5.7,ZA,1622592815,south
77,aswan,24.0934,32.907,90.77000000000007,18,1,5.43,EG,1622592815,north
78,ahipara,-35.1667,173.1667,60.08000000000004,72,66,4.21,NZ,1622592815,south
79,millau,44.0833,2.9167,59.39600000000005,93,97,3.01,FR,1622592816,north
80,boende,-0.2167,20.8667,73.07600000000009,77,99,0.61,CD,1622592816,south
81,flin flon,54.7682,-101.865,67.01000000000008,55,97,3.29,CA,1622592409,north
82,hualmay,-11.0964,-77.6139,64.83200000000002,84,96,4.4,PE,1622592816,south
83,tautira,-17.7333,-149.15,84.21800000000009,66,59,5.81,PF,1622592817,south
84,jamestown,42.097,-79.2353,67.58600000000007,48,1,3.6,US,1622592817,north
85,tuatapere,-46.1333,167.6833,49.820000000000064,85,95,1.33,NZ,1622592817,south
86,constitucion,-35.3333,-72.4167,58.44199999999999,99,100,0.88,CL,1622592818,south
87,lompoc,34.6391,-120.4579,86.12600000000009,67,34,1.79,US,1622592818,north
88,hobart,-42.8794,147.3294,55.25600000000003,63,0,2.24,AU,1622592522,south
89,puri,19.8,85.85,88.37600000000009,88,6,6.26,IN,1622592818,north
90,beaverlodge,55.2166,-119.4361,75.38000000000005,46,60,6.51,CA,1622592819,north
91,bredasdorp,-34.5322,20.0403,47.28200000000002,85,38,1.48,ZA,1622592819,south
92,manggar,-2.8833,108.2667,83.67800000000007,75,87,3.95,ID,1622592819,south
93,saint-joseph,-21.3667,55.6167,71.97800000000007,84,64,6.2,RE,1622592820,south
94,zhangjiakou,40.81,114.8794,61.10600000000003,49,27,5.47,CN,1622592596,north
95,niquelandia,-14.4739,-48.4597,71.816,41,76,1.3,BR,1622592820,south
96,tilichiki,60.4667,166.1,50.486000000000075,52,17,0.75,RU,1622592820,north
97,moron,-34.6534,-58.6198,60.96200000000006,65,100,2.33,AR,1622592821,south
98,hermanus,-34.4187,19.2345,54.89600000000005,78,44,2.04,ZA,1622592821,south
99,paamiut,61.994,-49.6678,35.79800000000002,86,77,1.34,GL,1622592414,north
100,kaitangata,-46.2817,169.8464,56.93000000000004,64,96,3.71,NZ,1622592821,south
101,cherskiy,68.75,161.3,66.74000000000002,24,8,0.91,RU,1622592822,north
102,albany,42.6001,-73.9662,68.41400000000004,68,65,1.84,US,1622592822,north
103,kutum,14.2,24.6667,85.37000000000006,17,89,5.21,SD,1622592822,north
104,tuktoyaktuk,69.4541,-133.0374,33.40400000000005,81,100,4.77,CA,1622592822,north
105,dalbandin,28.8947,64.4101,84.79400000000007,7,0,2.26,PK,1622592823,north
106,hithadhoo,-0.6,73.0833,83.37200000000004,66,100,7.04,MV,1622592823,south
107,bara,10.3744,10.7288,80.67200000000004,62,73,2.48,NG,1622592823,north
108,jambi,-1.6,103.6167,75.93800000000005,94,66,1.47,ID,1622592824,south
109,moose factory,51.2585,-80.6094,37.38200000000002,87,90,3.6,CA,1622592400,north
110,vanavara,60.34,102.2797,62.58200000000002,47,8,2.11,RU,1622592374,north
111,astana,51.1801,71.446,53.54600000000005,87,0,7.37,KZ,1622592605,north
112,palaikastron,35.2,26.25,65.30000000000001,68,3,4.57,GR,1622592824,north
113,puerto narino,-3.7703,-70.3831,78.74600000000005,94,16,0.89,CO,1622592824,south
114,hilo,19.7297,-155.09,83.93000000000004,65,20,4.63,US,1622592633,north
115,butaritari,3.0707,172.7902,82.958,81,98,7.6,KI,1622592825,north
116,aasiaat,68.7098,-52.8699,34.37600000000009,82,11,4.37,GL,1622592805,north
117,acarau,-2.8856,-40.12,78.31400000000004,83,24,4.85,BR,1622592825,south
118,bunol,39.4167,-0.7833,64.92200000000004,84,17,1.27,ES,1622592825,north
119,samana,19.2056,-69.3369,77.86400000000003,81,100,4.78,DO,1622592826,north
120,ramshir,30.8946,49.4092,85.74800000000002,10,0,4.52,IR,1622592826,north
121,chokurdakh,70.6333,147.9167,69.13399999999999,24,52,2.67,RU,1622592826,north
122,te anau,-45.4167,167.7167,50.88200000000002,87,96,2.17,NZ,1622592415,south
123,manaure,11.7751,-72.4445,84.092,61,100,8.77,CO,1622592827,north
124,luderitz,-26.6481,15.1594,61.34000000000002,41,0,4.43,NA,1622592827,south
125,itoman,26.1247,127.6694,80.61800000000008,89,40,3.6,JP,1622592827,north
126,razumnoye,50.5344,36.6846,51.08000000000004,87,75,6.67,RU,1622592827,north
127,olavarria,-36.8927,-60.3225,52.25,95,92,4.05,AR,1622592828,south
128,meulaboh,4.1363,96.1285,78.13399999999999,88,100,2.33,ID,1622592828,north
129,kifri,34.6959,44.9661,86.342,15,0,3.52,IQ,1622592828,north
130,avera,33.194,-82.5271,80.65400000000005,41,91,2.29,US,1622592403,north
131,puerto leguizamo,-0.1934,-74.7819,73.99400000000009,90,53,1.2,CO,1622592829,south
132,ponta do sol,32.6667,-17.1,66.83000000000004,71,41,1.28,PT,1622592365,north
133,carnarvon,-24.8667,113.6333,62.13200000000002,57,87,7.81,AU,1622592829,south
134,alofi,-19.0595,-169.9187,76.69400000000007,80,76,5.9,NU,1622592829,south
135,louis trichardt,-23.0439,29.9032,53.150000000000006,79,4,1.17,ZA,1622592830,south
136,pachmarhi,22.4667,78.4333,74.46200000000006,58,78,1.46,IN,1622592830,north
137,nome,64.5011,-165.4064,52.16000000000008,30,1,5.66,US,1622592380,north
138,hagere hiywet,8.9833,37.85,60.51200000000006,57,83,1.82,ET,1622592830,north
139,new norfolk,-42.7826,147.0587,54.91400000000003,68,98,1.34,AU,1622592830,south
140,mansfield,53.1333,-1.2,58.01000000000008,80,58,1.34,GB,1622592831,north
141,saint-philippe,-21.3585,55.7679,72.98600000000008,86,77,5.77,RE,1622592831,south
142,longyearbyen,78.2186,15.6401,33.63800000000005,93,90,0.51,SJ,1622592831,north
143,atuona,-9.8,-139.0333,79.71800000000009,74,9,6.37,PF,1622592832,south
144,churapcha,62.0025,132.4325,62.72600000000009,44,3,2.02,RU,1622592832,north
145,catemaco,18.4167,-95.1167,82.14800000000002,54,21,2.98,MX,1622592832,north
146,slave lake,55.2834,-114.769,73.49000000000002,48,63,4.41,CA,1622592832,north
147,new glasgow,45.5834,-62.6486,56.91200000000006,83,100,2.93,CA,1622592833,north
148,kodiak,57.79,-152.4072,47.714000000000034,87,90,5.66,US,1622592833,north
149,airai,-8.9266,125.4092,65.76800000000009,76,29,1.41,TL,1622592833,south
150,vila velha,-20.3297,-40.2925,78.96200000000006,87,86,1.34,BR,1622592427,south
151,olafsvik,64.8945,-23.7142,44.24000000000002,80,34,7.85,IS,1622592834,north
152,ati,13.2154,18.3353,85.65800000000002,44,100,5.35,TD,1622592834,north
153,talnakh,69.4865,88.3972,31.154000000000053,89,82,5.16,RU,1622592396,north
154,waingapu,-9.6567,120.2641,79.16000000000008,71,100,1.82,ID,1622592381,south
155,malibu,34.005,-118.8101,96.27800000000006,75,30,3.86,US,1622592834,north
156,zemio,5.0314,25.1361,68.48600000000008,99,100,2.16,CF,1622592835,north
157,zheleznodorozhnyy,55.7503,38.0042,48.61400000000003,71,7,3.09,RU,1622592835,north
158,verkh-usugli,52.7,115.1667,51.674000000000014,87,100,3.31,RU,1622592835,north
159,kapaa,22.0752,-159.319,84.52400000000002,68,1,1.34,US,1622592835,north
160,kloulklubed,7.0419,134.2556,86.50400000000005,74,43,4.23,PW,1622592420,north
161,larsnes,62.2028,5.5773,54.01400000000004,67,12,1.59,NO,1622592467,north
162,labytnangi,66.6572,66.4183,35.38399999999999,66,70,7.17,RU,1622592836,north
163,gold coast,-28.0,153.4333,71.20400000000006,71,93,1.29,AU,1622592171,south
164,noyabrsk,63.1994,75.4507,39.86600000000001,82,84,5.77,RU,1622592836,north
165,qarqin,37.4185,66.0436,84.59600000000006,23,0,3.74,AF,1622592837,north
166,mana,5.6592,-53.7767,75.308,87,100,2.48,GF,1622592363,north
167,castro,-24.7911,-50.0119,53.47400000000002,89,0,1.42,BR,1622592837,south
168,saskylakh,71.9167,114.0833,39.41600000000001,82,100,8.85,RU,1622592837,north
169,faya,18.3851,42.4509,68.52200000000005,19,1,3.71,SA,1622592838,north
170,woodward,36.4337,-99.3904,70.82600000000009,63,75,2.71,US,1622592838,north
171,fort nelson,58.8053,-122.7002,83.04800000000003,17,48,3.96,CA,1622592398,north
172,ascension,30.2169,-90.9001,82.4,92,90,2.06,US,1622592838,north
173,alice springs,-23.7,133.8833,62.150000000000006,55,40,6.12,AU,1622592839,south
174,yellowknife,62.456,-114.3525,56.31800000000008,100,75,2.06,CA,1622592839,north
175,yerbogachen,61.2767,108.0108,66.16400000000004,44,36,2.69,RU,1622592729,north
176,le port,-20.9373,55.2919,73.4,86,57,1.15,RE,1622592839,south
177,cidreira,-30.1811,-50.2056,59.55800000000001,76,54,3.66,BR,1622592840,south
178,anadyr,64.75,177.4833,39.70400000000005,64,0,3.58,RU,1622592439,north
179,georgetown,5.4112,100.3354,81.89600000000004,86,20,0.45,MY,1622592151,north
180,rawson,-43.3002,-65.1023,45.194000000000074,69,3,9.91,AR,1622592177,south
181,marsh harbour,26.5412,-77.0636,78.674,80,100,6.31,BS,1622592329,north
182,lata,40.1629,-8.3327,60.044000000000075,97,96,0.57,PT,1622592371,north
183,gainesville,29.6516,-82.3248,83.60600000000002,58,1,0.45,US,1622592633,north
184,sinjai,-5.1241,120.253,80.07800000000006,80,93,0.47,ID,1622592840,south
185,chabahar,25.2919,60.643,85.208,80,0,3.6,IR,1622592841,north
186,berlevag,70.8578,29.0864,43.412000000000056,95,100,6.55,NO,1622592841,north
187,maine-soroa,13.2114,12.0241,84.93800000000005,46,17,6.3,NE,1622592841,north
188,armidale,-30.5167,151.65,55.13000000000004,54,100,1.9,AU,1622592842,south
189,ilulissat,69.2167,-51.1,37.418000000000085,70,28,4.12,GL,1622592407,north
190,madang,-5.2246,145.7966,75.72200000000004,95,100,1.46,PG,1622592842,south
191,palmer,42.1584,-72.3287,69.36800000000008,62,73,1.83,US,1622592180,north
192,namatanai,-3.6667,152.4333,79.89800000000002,85,99,2.95,PG,1622592842,south
193,iquitos,-3.7481,-73.2472,78.83600000000007,89,40,0.0,PE,1622592843,south
194,thompson,55.7435,-97.8558,68.99000000000002,30,26,2.49,CA,1622592355,north
195,uyemskiy,64.4743,40.8524,33.854000000000056,93,0,2.62,RU,1622592843,north
196,torremolinos,36.6204,-4.4998,71.90600000000003,50,0,6.69,ES,1622592843,north
197,egvekinot,66.3167,-179.1667,33.63800000000005,58,40,1.33,RU,1622592844,north
198,grindavik,63.8424,-22.4338,44.564000000000036,87,75,9.07,IS,1622592844,north
199,jackson,42.4165,-122.8345,104.14400000000008,20,1,5.66,US,1622592635,north
200,kupang,-10.1667,123.5833,81.1760000000001,74,20,3.6,ID,1622592844,south
201,nuuk,64.1835,-51.7216,41.61200000000006,81,87,3.09,GL,1622592439,north
202,buluang,13.3068,123.3425,81.71600000000001,82,100,2.34,PH,1622592845,north
203,sai buri,6.7013,101.6168,76.71200000000006,88,77,1.25,TH,1622592845,north
204,sokna,60.24,9.9235,58.49600000000005,77,78,1.31,NO,1622592845,north
205,yuzhno-kurilsk,44.0306,145.8556,50.32400000000001,69,100,2.26,RU,1622592845,north
206,karasjok,69.4719,25.5112,41.108000000000004,78,8,0.84,NO,1622592846,north
207,cap-aux-meules,47.3821,-61.8597,47.08399999999999,91,99,7.07,CA,1622592846,north
208,mount isa,-20.7333,139.5,78.566,36,4,5.14,AU,1622592846,south
209,guerrero negro,27.9769,-114.0611,69.22400000000002,58,1,6.8,MX,1622592808,north
210,faro,37.0194,-7.9322,62.38399999999999,72,0,4.12,PT,1622592756,north
211,yuxia,34.0615,108.6291,75.81200000000007,51,23,0.87,CN,1622592847,north
212,helena,46.5927,-112.0361,83.40800000000002,28,1,1.34,US,1622592847,north
213,tommot,58.9564,126.2925,51.76400000000004,86,100,3.1,RU,1622592847,north
214,zhigansk,66.7697,123.3711,51.63800000000005,84,100,2.67,RU,1622592848,north
215,tecoanapa,16.5167,-98.75,86.93600000000006,63,9,3.83,MX,1622592848,north
216,mar del plata,-38.0023,-57.5575,58.11800000000009,31,99,1.79,AR,1622592815,south
217,chiang klang,19.2938,100.8617,78.13399999999999,78,55,0.36,TH,1622592848,north
218,puno,-15.8333,-70.0333,43.214000000000034,48,11,1.5,PE,1622592848,south
219,hofn,64.2539,-15.2082,45.5,83,10,9.1,IS,1622592402,north
220,fort morgan,40.2503,-103.8,71.02400000000002,59,75,5.14,US,1622592584,north
221,san pedro de macoris,18.4616,-69.2972,82.5260000000001,72,100,4.91,DO,1622592849,north
222,ziro,27.6333,93.8333,57.57800000000007,97,88,0.11,IN,1622592849,north
223,pisco,-13.7,-76.2167,64.02200000000005,88,0,5.66,PE,1622592850,south
224,umm kaddadah,13.6017,26.6876,90.64400000000008,25,81,6.33,SD,1622592850,north
225,jamsa,61.8642,25.19,49.33399999999999,83,94,1.57,FI,1622592850,north
226,vasilsursk,56.1275,46.0072,49.406000000000034,75,100,2.09,RU,1622592850,north
227,mutis,6.2262,-77.4044,78.08000000000004,86,98,0.4,CO,1622592851,north
228,bedele,8.456,36.353,58.02800000000006,71,93,1.31,ET,1622592851,north
229,hukuntsi,-24.0,21.75,45.608000000000004,42,0,3.9,BW,1622592851,south
230,kununurra,-15.7667,128.7333,78.78200000000001,57,71,2.06,AU,1622592851,south
231,stornoway,58.2093,-6.3865,49.964000000000034,93,95,4.12,GB,1622592852,north
232,antofagasta,-23.65,-70.4,58.280000000000044,73,14,0.92,CL,1622592363,south
233,nhlangano,-27.1167,31.2,43.214000000000034,96,15,1.69,SZ,1622592852,south
234,lao cai,22.4833,103.95,84.86600000000001,72,61,0.21,VN,1622592852,north
235,fortuna,40.5982,-124.1573,65.93000000000004,79,1,1.34,US,1622592853,north
236,nanortalik,60.1432,-45.2371,38.13800000000005,83,57,2.98,GL,1622592853,north
237,sucre,-19.0333,-65.2627,57.14600000000005,26,84,1.93,BO,1622592853,south
238,mujiayingzi,42.1167,118.7833,65.46200000000006,61,13,4.8,CN,1622592853,north
239,menongue,-14.6585,17.691,51.26000000000008,41,90,1.59,AO,1622592854,south
240,raudeberg,61.9875,5.1352,53.20400000000005,87,10,1.28,NO,1622592854,north
241,palauig,15.435,119.9045,85.74800000000002,69,95,0.8,PH,1622592854,north
242,sabha,27.0377,14.4283,85.892,19,32,7.52,LY,1622592397,north
243,klaksvik,62.2266,-6.589,49.11800000000009,88,99,5.79,FO,1622592187,north
244,aksu,41.1231,80.2644,74.13800000000005,28,47,1.84,CN,1622592443,north
245,marawi,7.9986,124.2928,67.64000000000001,85,100,2.43,PH,1622592444,north
246,katsuura,35.1333,140.3,74.19200000000001,71,100,4.14,JP,1622592855,north
247,tateyama,34.9833,139.8667,74.13800000000005,74,100,3.93,JP,1622592855,north
248,northfield,44.4583,-93.1616,78.78200000000001,34,1,0.71,US,1622592856,north
249,east london,-33.0153,27.9116,60.36800000000009,90,94,3.2,ZA,1622592800,south
250,lagoa,39.05,-27.9833,59.37800000000007,64,72,5.58,PT,1622592418,north
251,dunedin,-45.8742,170.5036,57.794000000000075,47,73,3.58,NZ,1622592426,south
252,srednekolymsk,67.45,153.6833,65.76800000000009,23,80,5.24,RU,1622592390,north
253,geraldton,-28.7667,114.6,52.214000000000034,87,0,3.43,AU,1622592856,south
254,along,28.1667,94.7667,72.44600000000005,98,99,0.44,IN,1622592857,north
255,huizhou,23.0833,114.4,80.31200000000007,88,100,1.41,CN,1622592857,north
256,christchurch,-43.5333,172.6333,58.02800000000006,88,83,0.89,NZ,1622592602,south
257,tananger,58.9333,5.6,59.288000000000046,97,40,1.03,NO,1622592857,north
258,karratha,-20.7377,116.8463,67.71200000000006,36,97,8.52,AU,1622592858,south
259,birao,10.2849,22.7882,75.38000000000005,74,100,3.69,CF,1622592858,north
260,bandarbeyla,9.4942,50.8122,79.41200000000006,81,100,9.88,SO,1622592858,north
261,rio bonito,-22.7086,-42.6097,73.11200000000005,93,82,1.0,BR,1622592859,south
262,mount gambier,-37.8333,140.7667,55.958000000000006,52,59,3.6,AU,1622592859,south
263,soe,-9.8607,124.284,71.99600000000005,75,46,2.1,ID,1622592859,south
264,san vicente,-26.6167,-54.1333,56.87600000000009,78,25,1.13,AR,1622592859,south
265,irbil,36.1926,44.0106,79.86200000000005,20,0,2.26,IQ,1622592860,north
266,springbok,-29.6643,17.8865,45.23000000000004,58,0,3.21,ZA,1622592860,south
267,tasiilaq,65.6145,-37.6368,33.96200000000006,76,6,2.81,GL,1622592860,north
268,taltal,-25.4,-70.4833,63.158,76,23,0.54,CL,1622592861,south
269,chalette-sur-loing,48.0134,2.7359,65.71400000000003,93,54,3.08,FR,1622592861,north
270,honiara,-9.4333,159.95,84.00200000000008,79,89,3.57,SB,1622592861,south
271,bemidji,47.4736,-94.8803,75.48800000000006,39,40,2.06,US,1622592330,north
272,paternion,46.7142,13.6361,56.228000000000065,84,80,0.57,AT,1622592862,north
273,goderich,43.7501,-81.7165,60.908,70,3,1.78,CA,1622592862,north
274,baghmara,23.795,86.2085,87.49400000000009,59,14,0.69,IN,1622592862,north
275,yulara,-25.2406,130.9889,57.038000000000046,62,0,3.6,AU,1622592394,south
276,biak,-0.9131,122.8766,79.808,76,81,2.66,ID,1622592862,south
277,anloga,5.7947,0.8973,81.87800000000007,80,93,5.3,GH,1622592863,north
278,bath,51.3779,-2.3591,61.28600000000007,68,60,3.43,GB,1622592863,north
279,sechura,-5.5569,-80.8222,69.72800000000007,72,82,7.48,PE,1622592459,south
280,komsomolskiy,40.4272,71.7189,72.23000000000005,40,51,0.77,UZ,1622592865,north
281,gunjur,13.2019,-16.7339,73.99400000000009,82,32,4.31,GM,1622592865,north
282,kudahuvadhoo,2.6708,72.8944,83.51600000000002,64,79,5.52,MV,1622592865,north
283,santa luzia,-19.7697,-43.8514,63.95,88,83,1.98,BR,1622592865,south
284,kyren,51.6828,102.1408,52.50200000000008,81,99,1.15,RU,1622592866,north
285,maniitsoq,65.4167,-52.9,38.69600000000005,78,82,1.27,GL,1622592866,north
286,sri aman,1.2376,111.4621,78.17000000000007,87,99,0.87,MY,1622592866,north
287,touros,-5.1989,-35.4608,76.51400000000004,80,6,5.44,BR,1622592384,south
288,priiskovyy,51.9333,116.6333,45.806000000000026,96,100,0.37,RU,1622592867,north
289,iqaluit,63.7506,-68.5145,31.73000000000004,100,90,0.89,CA,1622592867,north
290,batagay,67.6333,134.6333,66.63200000000002,40,14,1.87,RU,1622592867,north
291,orangeburg,33.4918,-80.8557,78.76400000000004,60,75,0.0,US,1622592868,north
292,vestmanna,62.1564,-7.1664,47.31800000000008,93,90,4.41,FO,1622592868,north
293,berdigestyakh,62.0989,126.6992,62.63600000000007,41,3,3.01,RU,1622592868,north
294,aitape,-3.1374,142.3475,75.27200000000005,93,100,0.78,PG,1622592389,south
295,kamaishi,39.2667,141.8833,65.3180000000001,76,100,3.23,JP,1622592869,north
296,mingaora,34.7758,72.3625,67.58600000000007,67,87,2.44,PK,1622592869,north
297,san juan de los morros,9.9115,-67.3538,74.57000000000006,81,65,1.14,VE,1622592869,north
298,narasannapeta,18.4167,84.05,84.03800000000004,85,3,2.65,IN,1622592869,north
299,rocha,-34.4833,-54.3333,54.82400000000001,92,100,4.32,UY,1622592870,south
300,torbay,47.6666,-52.7314,51.58399999999999,92,90,12.35,CA,1622592870,north
301,guinope,13.8833,-86.9333,75.21800000000009,41,87,1.58,HN,1622592871,north
302,sherbrooke,45.4001,-71.8991,65.48000000000005,80,36,3.34,CA,1622592803,north
303,lagos,6.5833,3.75,77.28800000000004,92,100,1.57,NG,1622592871,north
304,okha,53.5739,142.9478,53.906000000000034,73,74,3.32,RU,1622592871,north
305,tessalit,20.1986,1.0114,93.74000000000002,7,29,3.63,ML,1622592871,north
306,aden,12.7794,45.0367,86.45,76,10,5.91,YE,1622592872,north
307,awbari,26.5921,12.7805,86.72000000000006,19,99,7.43,LY,1622592872,north
308,waddan,29.1614,16.139,80.78000000000004,29,35,9.45,LY,1622592872,north
309,portland,45.5234,-122.6762,98.51000000000009,32,1,0.89,US,1622592527,north
310,mantua,45.1667,10.7833,63.64400000000008,72,44,1.34,IT,1622592873,north
311,bubaque,11.2833,-15.8333,79.26800000000009,81,89,4.88,GW,1622592432,north
312,kamenka,51.3223,42.7678,55.20200000000008,82,99,5.47,RU,1622592411,north
313,lucea,18.451,-78.1736,75.05600000000004,74,15,1.35,JM,1622592459,north
314,bilma,18.6853,12.9164,90.66200000000006,7,61,2.75,NE,1622592873,north
315,valdivia,-39.8142,-73.2459,49.22600000000009,93,100,0.33,CL,1622592873,south
316,santa rosa de viterbo,-21.4728,-47.3631,63.28399999999999,55,1,1.48,BR,1622592873,south
317,laguna,38.421,-121.4238,106.43000000000005,26,1,2.68,US,1622592874,north
318,gat,31.61,34.7642,70.484,79,0,0.93,IL,1622592874,north
319,bilibino,68.0546,166.4372,64.86800000000008,31,5,0.86,RU,1622592874,north
320,izhma,65.0083,53.9113,35.42000000000006,68,72,4.54,RU,1622592875,north
321,talcahuano,-36.7167,-73.1167,56.983999999999995,96,100,1.37,CL,1622592875,south
322,thinadhoo,0.5333,72.9333,83.13800000000005,72,100,6.21,MV,1622592875,north
323,half moon bay,37.4636,-122.4286,89.708,69,90,2.06,US,1622592875,north
324,bolobo,-2.1667,16.2333,76.06400000000004,71,72,1.32,CD,1622592876,south
325,san quintin,30.4833,-115.95,66.41600000000001,68,3,4.99,MX,1622592429,north
326,malanje,-9.5402,16.341,58.91000000000008,48,59,1.14,AO,1622592876,south
327,hasaki,35.7333,140.8333,73.292,71,100,4.14,JP,1622592876,north
328,banda aceh,5.5577,95.3222,79.98800000000006,81,99,3.31,ID,1622592385,north
329,upernavik,72.7868,-56.1549,29.948000000000025,91,25,3.55,GL,1622592877,north
330,suruc,36.9761,38.425,62.79800000000003,68,0,2.45,TR,1622592877,north
331,acapulco,16.8634,-99.8901,87.62000000000006,70,75,4.04,MX,1622592628,north
332,gejiu,23.306,103.1635,63.03200000000002,82,50,1.3,CN,1622592877,north
333,carauari,-4.8828,-66.8958,79.12400000000002,76,94,0.5,BR,1622592878,south
334,beringovskiy,63.05,179.3167,32.48600000000007,79,91,5.55,RU,1622592878,north
335,yining,29.0361,114.5636,78.24199999999999,87,97,0.58,CN,1622592878,north
336,naze,28.3667,129.4833,72.28399999999999,86,98,6.67,JP,1622592360,north
337,zhanaozen,43.3,52.8,75.52400000000002,39,0,0.11,KZ,1622592414,north
338,zalegoshch,52.9008,36.8869,44.40200000000008,79,98,5.03,RU,1622592879,north
339,ostersund,63.1792,14.6357,54.05,54,77,4.12,SE,1622592879,north
340,kiunga,-6.1219,141.2906,75.41600000000001,95,100,1.81,PG,1622592879,south
341,srivardhan,18.0333,73.0167,81.37400000000002,84,83,1.88,IN,1622592879,north
342,iskateley,67.6803,53.1512,34.214000000000034,77,100,8.96,RU,1622592880,north
343,haines junction,60.7522,-137.5108,53.042,61,20,3.9,CA,1622592880,north
344,kahului,20.8947,-156.47,88.53800000000004,62,20,10.29,US,1622592880,north
345,sile,41.1754,29.6133,59.57600000000009,75,80,0.45,TR,1622592881,north
346,igarka,67.4667,86.5833,36.788000000000046,86,85,6.84,RU,1622592833,north
347,hami,42.8,93.45,73.72400000000002,6,4,8.16,CN,1622592881,north
348,nokaneng,-19.6667,22.2667,51.20600000000003,36,0,3.58,BW,1622592881,south
349,bonthe,7.5264,-12.505,79.26800000000009,80,96,2.76,SL,1622592881,north
350,sekoma,-24.4,23.8833,43.016000000000005,42,0,3.57,BW,1622592882,south
351,isiro,2.7739,27.616,66.2,99,86,1.03,CD,1622592882,north
352,atikokan,48.7555,-91.6216,69.76400000000004,46,99,1.22,CA,1622592882,north
353,deming,32.2687,-107.7586,78.69200000000001,21,1,9.26,US,1622592883,north
354,cap malheureux,-19.9842,57.6142,74.46200000000006,78,71,0.89,MU,1622592167,south
355,starodub,52.5844,32.7633,44.00600000000003,85,99,4.13,RU,1622592883,north
356,praia da vitoria,38.7333,-27.0667,59.75600000000003,71,54,4.77,PT,1622592883,north
357,shingu,33.7333,135.9833,70.91600000000001,74,100,3.73,JP,1622592391,north
358,natal,-5.795,-35.2094,77.21600000000001,83,20,3.52,BR,1622592884,south
359,shizunai,42.3339,142.3669,56.94800000000002,67,100,2.11,JP,1622592884,north
360,ostrovnoy,68.0531,39.5131,43.86200000000006,94,100,8.73,RU,1622592884,north
361,poum,-20.2333,164.0167,71.76200000000006,58,10,2.73,NC,1622592885,south
362,salalah,17.0151,54.0924,82.49000000000002,83,40,2.06,OM,1622592885,north
363,samarai,-10.6167,150.6667,78.89000000000001,74,98,7.19,PG,1622592885,south
364,bernalillo,35.05,-106.6673,85.01000000000008,20,40,2.57,US,1622592885,north
365,linxia,35.6003,103.2064,61.16000000000008,48,100,1.67,CN,1622592886,north
366,walvis bay,-22.9575,14.5053,62.45600000000003,52,0,0.84,NA,1622592886,south
367,winslow,35.0242,-110.6974,90.96800000000009,9,1,0.45,US,1622592886,north
368,mnogovershinnyy,53.9353,139.9242,64.16600000000001,49,76,0.78,RU,1622592887,north
369,saint george,37.1041,-113.5841,100.8680000000001,9,1,1.79,US,1622592887,north
370,mizdah,31.4451,12.9801,72.32000000000006,42,80,6.08,LY,1622592887,north
371,trairi,-3.2778,-39.2689,77.77400000000002,80,6,3.45,BR,1622592632,south
372,hamilton,39.1834,-84.5333,72.23000000000005,71,90,0.62,US,1622592841,north
373,nueva loja,0.0847,-76.8828,74.03000000000004,88,78,0.73,EC,1622592888,north
374,saint anthony,45.0205,-93.218,78.94400000000007,33,1,0.45,US,1622592367,north
375,pangnirtung,66.1451,-65.7125,35.11400000000003,99,100,0.59,CA,1622592888,north
376,hays,30.0502,-98.0336,81.37400000000002,63,94,0.89,US,1622592888,north
377,luanda,-8.8368,13.2343,74.44400000000007,89,69,2.06,AO,1622592322,south
378,mahibadhoo,3.7833,72.9667,83.94800000000004,62,64,5.89,MV,1622592368,north
379,lieto,60.5103,22.4618,51.96200000000006,91,96,0.65,FI,1622592889,north
380,chapais,49.7834,-74.8492,54.266000000000005,83,87,1.47,CA,1622592889,north
381,thung song,8.1645,99.6804,78.18800000000005,92,44,0.51,TH,1622592889,north
382,sindou,10.6667,-5.1667,77.18000000000004,77,100,1.75,BF,1622592890,north
383,marabba,12.35,32.1833,90.15800000000002,37,25,6.31,SD,1622592890,north
384,vila franca do campo,37.7167,-25.4333,59.41400000000003,68,8,4.22,PT,1622592444,north
385,coahuayana,18.7333,-103.6833,87.27800000000008,61,99,2.14,MX,1622592890,north
386,shimoda,34.6667,138.95,69.11600000000001,78,100,2.53,JP,1622592891,north
387,jadu,31.953,12.0261,75.00200000000008,34,96,6.12,LY,1622592891,north
388,toccoa,34.5773,-83.3324,74.84000000000003,64,1,0.0,US,1622592891,north
389,zhangye,38.9342,100.4517,60.51200000000006,12,77,3.17,CN,1622592891,north
390,gornoye loo,43.7129,39.6049,62.38399999999999,94,100,0.48,RU,1622592892,north
391,nanhai,30.1282,111.7784,83.76800000000009,75,84,2.01,CN,1622592892,north
392,leningradskiy,69.3833,178.4167,31.35200000000008,83,46,7.07,RU,1622592892,north
393,deputatskiy,69.3,139.9,61.82600000000009,31,86,1.9,RU,1622592734,north
394,mareeba,-17.0,145.4333,70.52000000000007,82,88,2.78,AU,1622592893,south
395,mafeteng,-29.823,27.2374,39.29000000000002,84,89,4.16,LS,1622592893,south
396,ahuimanu,21.4447,-157.8378,89.31200000000007,47,20,3.89,US,1622592893,north
397,jining,35.405,116.5814,84.00200000000008,1,93,6.66,CN,1622592893,north
398,trinidad,-14.8333,-64.9,72.78800000000004,75,27,0.91,BO,1622592894,south
399,north bend,43.4065,-124.2243,75.92000000000007,72,56,3.35,US,1622592208,north
400,puerto princesa,9.7392,118.7353,82.38200000000002,78,90,2.06,PH,1622592894,north
401,madimba,-10.4,40.3333,72.42800000000007,90,47,2.85,TZ,1622592894,south
402,krasnoselkup,65.7,82.4667,43.52000000000006,69,69,8.1,RU,1622592419,north
403,savannah bight,16.45,-85.85,82.99400000000009,79,13,8.71,HN,1622592895,north
404,clyde river,70.4692,-68.5914,26.833999999999993,93,90,2.06,CA,1622592895,north
405,bowen,-20.0167,148.2333,72.98600000000008,67,18,4.53,AU,1622592895,south
406,vestmannaeyjar,63.4427,-20.2734,45.28399999999999,81,100,6.43,IS,1622592896,north
407,port lincoln,-34.7333,135.8667,60.458000000000006,65,94,3.1,AU,1622592442,south
408,sanok,49.5557,22.2056,48.95600000000003,92,81,0.58,PL,1622592896,north
409,varnavino,57.4035,45.0916,41.73800000000004,82,36,2.92,RU,1622592896,north
410,balezino,57.9796,53.0106,43.71800000000009,65,66,2.81,RU,1622592896,north
411,vila,42.0304,-8.1588,51.74600000000005,91,82,1.46,PT,1622592897,north
412,matay,28.419,30.7792,76.55000000000001,41,0,7.35,EG,1622592897,north
413,udachnyy,66.4167,112.4,70.808,44,59,6.32,RU,1622592412,north
414,mandurah,-32.55,115.7,50.16200000000006,72,77,3.73,AU,1622592790,south
415,abu dhabi,24.4667,54.3667,87.8180000000001,74,0,2.8,AE,1622592891,north
416,port hedland,-20.3167,118.5667,69.85400000000006,37,100,7.72,AU,1622592898,south
417,sinnamary,5.3833,-52.95,76.47800000000007,88,100,2.05,GF,1622592358,north
418,jabinyanah,35.035,10.9081,69.0260000000001,80,99,4.93,TN,1622592376,north
419,itaituba,-4.2761,-55.9836,78.584,61,57,0.52,BR,1622592898,south
420,krasnovishersk,60.4078,57.082,37.88600000000007,97,68,1.88,RU,1622592898,north
421,san fernando,15.0286,120.6898,86.01800000000009,69,92,2.8,PH,1622592674,north
422,guayaramerin,-10.8368,-65.3614,79.26800000000009,64,87,0.38,BO,1622592899,south
423,riyadh,24.6877,46.7219,87.94400000000007,19,0,1.03,SA,1622592380,north
424,nemuro,43.3236,145.575,63.03200000000002,82,92,4.44,JP,1622592855,north
425,ambon,-3.6954,128.1814,78.94400000000007,89,40,5.14,ID,1622592899,south
426,husavik,66.0449,-17.3389,44.38399999999999,71,67,4.88,IS,1622592364,north
427,alugan,12.2188,125.4808,81.48200000000003,76,100,4.36,PH,1622592899,north
428,shambu,9.5667,37.1,57.70400000000005,59,99,0.69,ET,1622592900,north
429,wajir,1.7471,40.0573,74.03000000000004,62,75,5.76,KE,1622592900,north
430,yarmouth,41.7057,-70.2286,67.17200000000004,56,1,0.89,US,1622592361,north
431,oktyabrskoye,43.0645,44.7417,62.74400000000007,82,2,1.53,RU,1622592900,north
432,camacha,33.0833,-16.3333,63.35600000000003,82,75,3.09,PT,1622592901,north
433,esperance,-33.8667,121.9,59.19800000000002,71,81,4.73,AU,1622592901,south
434,mogadishu,2.0371,45.3438,78.13399999999999,81,47,6.75,SO,1622592903,north
435,broome,42.2506,-75.833,68.37800000000007,60,1,0.99,US,1622592377,north
436,harper,4.375,-7.7169,78.62000000000006,83,87,2.19,LR,1622592430,north
437,luena,-11.7833,19.9167,53.40200000000008,52,64,1.57,AO,1622592903,south
438,ngunguru,-35.6167,174.5,64.16600000000001,68,71,4.54,NZ,1622592904,south
439,bonfim,3.0833,-59.95,77.84600000000006,85,70,1.68,BR,1622592904,north
440,pinega,64.7001,43.3936,36.01400000000003,67,6,2.12,RU,1622592904,north
441,safaga,26.7292,33.9365,87.18800000000005,34,0,6.19,EG,1622592429,north
442,dwarka,22.2394,68.9678,82.83200000000002,80,16,5.17,IN,1622592905,north
443,asau,46.4333,26.4,51.76400000000004,94,100,2.52,RO,1622592417,north
444,llangefni,53.2556,-4.3106,62.38399999999999,70,64,3.08,GB,1622592905,north
445,schleiden,50.5295,6.477,59.25200000000008,68,0,2.08,DE,1622592905,north
446,comodoro rivadavia,-45.8667,-67.5,42.65600000000003,75,0,1.54,AR,1622592373,south
447,sayyan,15.1718,44.3244,62.906000000000034,33,10,4.28,YE,1622592906,north
448,masuguru,-11.3667,38.4167,67.28000000000004,97,51,0.88,TZ,1622592906,south
449,jacareacanga,-6.2222,-57.7528,76.13600000000008,64,61,0.65,BR,1622592906,south
450,hulan,45.9833,126.6,62.708000000000006,48,98,5.06,CN,1622592907,north
451,vostok,46.4856,135.8833,54.53600000000007,80,96,2.1,RU,1622592907,north
452,ballina,-28.8667,153.5667,60.944000000000074,91,99,0.8,AU,1622592907,south
453,hungund,16.0667,76.05,78.35,75,97,1.69,IN,1622592908,north
454,sakakah,29.9697,40.2064,85.47800000000007,18,49,3.57,SA,1622592383,north
455,nikel,69.4128,30.222,48.38000000000004,93,69,2.07,RU,1622592908,north
456,tahe,52.3333,124.7333,55.688000000000045,86,100,1.18,CN,1622592908,north
457,beeville,28.4008,-97.7483,83.75,69,1,0.0,US,1622592614,north
458,ouesso,1.6136,16.0517,68.9,98,100,1.72,CG,1622592909,north
459,sydney,-33.8679,151.2073,63.06800000000008,69,0,1.79,AU,1622592770,south
460,tura,25.5198,90.2201,73.4,94,98,1.95,IN,1622592445,north
461,ust-nera,64.5667,143.2,54.69800000000002,53,67,0.64,RU,1622592909,north
462,kinsale,51.7075,-8.5306,54.77000000000007,87,75,4.26,IE,1622592909,north
463,nizhniy baskunchak,48.2198,46.8311,70.73600000000008,72,56,4.55,RU,1622592910,north
464,san alberto,7.7611,-73.3922,77.25200000000008,88,99,2.13,CO,1622592910,north
465,ornskoldsvik,63.2909,18.7153,44.42000000000006,93,88,0.71,SE,1622592910,north
466,prado,-17.3411,-39.2208,74.24600000000005,82,89,2.79,BR,1622592910,south
467,warrnambool,-38.3833,142.4833,55.814000000000036,63,79,3.36,AU,1622592911,south
468,ketchikan,55.3422,-131.6461,53.58200000000002,99,100,2.44,US,1622592390,north
469,soure,-0.7167,-48.5233,79.142,83,1,4.12,BR,1622592911,south
470,jalu,29.0331,21.5482,77.14400000000008,38,0,3.65,LY,1622592469,north
471,yukamenskoye,57.8865,52.2416,43.73600000000007,66,55,2.97,RU,1622592911,north
472,henties bay,-22.116,14.2845,59.684,71,11,0.92,NA,1622592912,south
473,princeton,25.5384,-80.4089,80.6,77,1,3.6,US,1622592912,north
474,killarney,52.05,-9.5167,50.648000000000025,97,100,1.61,IE,1622592905,north
475,coroico,-16.1889,-67.7271,61.95200000000008,91,78,0.19,BO,1622592912,south
476,taoudenni,22.6783,-3.9836,99.51800000000009,14,5,6.48,ML,1622592913,north
477,sorong,-0.8833,131.25,76.96400000000003,94,92,1.15,ID,1622592913,south
478,sur,22.5667,59.5289,92.76800000000009,34,0,4.03,OM,1622592913,north
479,saint-augustin,51.226,-58.6502,51.908,81,60,6.1,CA,1622592913,north
480,isilkul,54.9109,71.2728,48.14600000000005,72,30,3.01,RU,1622592914,north
481,carutapera,-1.195,-46.02,76.92800000000007,88,5,2.93,BR,1622592914,south
482,sao geraldo do araguaia,-6.4006,-48.555,73.76000000000008,78,9,0.8,BR,1622592914,south
483,tazovskiy,67.4667,78.7,33.36800000000009,90,100,5.16,RU,1622592441,north
484,great falls,47.5002,-111.3008,82.59800000000003,26,1,0.89,US,1622592915,north
485,gamba,-2.65,10.0,76.316,80,94,1.04,GA,1622592398,south
486,moose jaw,50.4001,-105.5344,77.36000000000008,37,100,3.66,CA,1622592915,north
487,okhotsk,59.3833,143.3,38.570000000000064,93,100,1.33,RU,1622592915,north
488,kirando,-7.4167,30.6,71.834,61,41,2.76,TZ,1622592916,south
489,viedma,-40.8135,-62.9967,52.070000000000064,61,2,6.92,AR,1622592916,south
490,mamakan,57.8161,114.0028,64.27400000000002,58,97,0.77,RU,1622592916,north
491,kasempa,-13.4584,25.8338,58.53200000000002,58,90,2.18,ZM,1622592916,south
492,sarkand,45.41,79.9186,67.73000000000005,44,0,3.54,KZ,1622592917,north
493,vilyuysk,63.7553,121.6247,63.42800000000007,42,100,0.79,RU,1622592410,north
494,provideniya,64.3833,-173.3,41.108000000000004,60,20,6.0,RU,1622592917,north
495,pombia,45.653,8.6336,66.99199999999999,70,75,3.6,IT,1622592917,north
496,ushtobe,45.2514,77.9838,70.7,36,3,2.87,KZ,1622592918,north
497,gornopravdinsk,60.05,69.9,44.99600000000005,73,22,2.34,RU,1622592918,north
498,lebu,-37.6167,-73.65,55.11200000000006,95,100,2.1,CL,1622592918,south
499,sembakung,3.8167,117.25,78.72800000000007,99,100,1.17,ID,1622592918,north
500,axim,4.8699,-2.2405,79.7,82,100,2.27,GH,1622592900,north
501,sabzevar,36.2126,57.6819,81.24800000000002,26,22,2.22,IR,1622592919,north
502,port macquarie,-31.4333,152.9167,57.38000000000004,54,100,1.65,AU,1622592919,south
503,takoradi,4.8845,-1.7554,79.46600000000001,84,100,2.5,GH,1622592919,north
504,akim swedru,5.8938,-1.0164,73.67000000000007,97,88,1.21,GH,1622592920,north
505,pacific grove,36.6177,-121.9166,87.15200000000007,80,40,1.34,US,1622592920,north
506,ossora,59.2353,163.0719,46.86800000000009,56,97,3.82,RU,1622592473,north
507,muli,2.9167,73.5667,84.092,62,90,6.32,MV,1622592920,north
508,surt,31.2089,16.5887,72.59000000000003,62,41,7.56,LY,1622592921,north
509,redmond,47.674,-122.1215,90.75200000000008,44,3,0.45,US,1622592851,north
510,sosva,59.1766,61.8558,41.93600000000007,72,10,1.71,RU,1622592921,north
511,cayenne,4.9333,-52.3333,79.08800000000005,88,75,0.89,GF,1622592921,north
512,zaysan,47.4667,84.8667,70.50200000000008,46,73,1.86,KZ,1622592921,north
513,amboasary,-25.0333,46.3833,68.03600000000007,89,96,6.02,MG,1622592922,south
514,montepuez,-13.1256,38.9997,62.366000000000014,98,64,1.36,MZ,1622592922,south
515,fare,-16.7,-151.0167,79.44800000000004,69,64,5.95,PF,1622592922,south
516,sibolga,1.7427,98.7792,78.08000000000004,81,83,1.52,ID,1622592923,north
517,omsukchan,62.5333,155.8,49.38800000000005,44,77,3.18,RU,1622592923,north
518,kainantu,-6.2887,145.8655,67.29800000000003,87,98,1.4,PG,1622592923,south
519,kavieng,-2.5744,150.7967,80.25800000000001,85,100,4.94,PG,1622592923,south
520,port hardy,50.6996,-127.4199,63.14000000000002,77,69,4.97,CA,1622592415,north
521,genhe,50.7833,121.5167,50.03600000000007,83,100,1.73,CN,1622592924,north
522,aripuana,-9.1667,-60.6333,75.84800000000003,63,73,0.18,BR,1622592924,south
523,cairns,-16.9167,145.7667,76.1,79,40,4.12,AU,1622592924,south
524,phan thiet,10.9333,108.1,81.46400000000003,85,99,2.74,VN,1622592925,north
525,tulnici,45.9167,26.6667,48.38000000000004,95,100,2.76,RO,1622592925,north
526,locri,38.2414,16.2623,67.15400000000005,72,79,2.11,IT,1622592925,north
527,muros,42.7762,-9.0603,60.242,87,78,1.68,ES,1622592926,north
528,esso,55.9333,158.7,47.96600000000001,62,99,1.36,RU,1622592926,north
529,groa,62.65,8.7167,50.09000000000002,56,56,2.19,NO,1622592926,north
530,safford,32.834,-109.7076,92.3180000000001,13,1,6.69,US,1622592926,north
531,greenville,35.6127,-77.3663,77.28800000000004,53,1,3.6,US,1622592318,north
532,fairhope,30.523,-87.9033,81.14000000000001,80,75,5.14,US,1622592927,north
533,gizo,-8.103,156.8419,83.46200000000006,75,91,1.71,SB,1622592927,south
534,methoni,36.8197,21.7049,53.45600000000003,75,9,6.32,GR,1622592927,north
535,dudinka,69.4058,86.1778,34.03399999999999,85,93,7.79,RU,1622592927,north
536,sira,13.7453,76.9092,76.69400000000007,77,99,1.88,IN,1622592928,north
537,sao joao da barra,-21.6403,-41.0511,71.16800000000009,86,100,3.63,BR,1622592928,south
538,santa marta,11.2408,-74.199,84.97400000000002,72,99,1.34,CO,1622592801,north
539,severo-kurilsk,50.6789,156.125,41.48600000000007,86,95,3.38,RU,1622592928,north
540,arman,59.7,150.1667,37.418000000000085,99,100,1.93,RU,1622592371,north
541,arinos,-15.9169,-46.1056,72.14000000000001,49,66,0.8,BR,1622592929,south
542,bembereke,10.2283,2.6634,75.41600000000001,76,94,3.02,BJ,1622592929,north
543,fukue,32.6881,128.8419,73.76000000000008,78,0,2.06,JP,1622592929,north
544,tynda,55.1667,124.7167,59.14400000000008,70,66,3.26,RU,1622592930,north
545,ouallam,14.3188,2.0866,91.81400000000004,20,10,2.14,NE,1622592930,north
546,nizhniy tagil,57.9194,59.965,46.18399999999999,62,92,1.83,RU,1622592740,north
547,kasongo-lunda,-6.4667,16.8167,67.04600000000005,53,61,0.47,CD,1622592930,south
548,halifax,44.6453,-63.5724,62.42000000000006,82,100,0.45,CA,1622592797,north
549,pisz,53.6274,21.8125,53.852000000000075,86,25,2.78,PL,1622592931,north
550,kattivakkam,13.2167,80.3167,86.07200000000003,82,1,6.15,IN,1622592931,north
551,camana,-16.6228,-72.7111,64.97600000000008,88,98,3.38,PE,1622592931,south
552,bulalacao,12.3254,121.3435,81.10400000000006,80,100,6.85,PH,1622592932,north
553,coquimbo,-29.9533,-71.3436,65.39000000000001,63,14,2.54,CL,1622592791,south
554,inhambane,-23.865,35.3833,70.61000000000008,82,0,4.98,MZ,1622592932,south
555,zyryanovsk,49.7386,84.2719,62.16800000000009,72,76,0.65,KZ,1622592932,north
556,paramonga,-10.6667,-77.8333,65.04800000000003,86,97,4.32,PE,1622592932,south
557,blairmore,49.6,-114.4353,77.91800000000009,29,83,4.63,CA,1622592933,north
558,san jose de gracia,20.6667,-102.5833,66.18200000000002,62,99,1.36,MX,1622592933,north
559,la ciotat,43.1748,5.6045,63.37400000000001,92,100,4.95,FR,1622592933,north
560,ivanteyevka,55.9711,37.9208,48.74000000000002,75,36,2.92,RU,1622592934,north
561,antigonish,45.6169,-61.9986,56.82200000000004,84,100,2.4,CA,1622592399,north
